2021-04-21,15,18,23,32,38,47
2021-04-17,7,13,32,38,39,48
2021-04-14,4,6,12,23,36,47
2021-04-10,5,16,19,24,28,34
2021-04-07,23,31,34,38,39,41
2021-04-03,12,13,19,35,42,47
2021-03-31,3,7,8,12,37,40
2021-03-27,15,16,17,30,36,40
2021-03-24,3,4,27,43,45,48
2021-03-20,9,16,25,36,39,43
2021-03-17,4,9,13,25,44,49
2021-03-13,15,24,27,29,42,49
2021-03-10,30,31,35,36,43,48
2021-03-06,2,14,18,21,26,48
2021-03-03,3,11,33,34,36,43
2021-02-27,11,15,16,20,46,49
2021-02-24,11,36,37,38,39,45
2021-02-20,2,14,15,21,29,46
2021-02-17,7,16,18,43,45,48
2021-02-13,16,17,27,40,41,45
2021-02-10,4,14,22,26,45,48
2021-02-06,6,11,12,26,28,38
2021-02-03,20,21,26,30,35,41
2021-01-30,3,23,26,35,42,44
2021-01-27,12,17,23,36,44,49
2021-01-23,5,17,21,29,41,43
2021-01-20,2,5,18,23,29,47
2021-01-16,9,10,21,28,35,43
2021-01-13,20,27,28,37,38,39
2021-01-09,4,8,18,24,31,32
2021-01-06,15,23,30,31,32,42
2021-01-02,16,17,20,42,47,49
2020-12-30,7,14,30,32,38,45
2020-12-26,21,26,28,33,34,42
2020-12-23,7,15,24,31,33,34
2020-12-19,1,8,10,11,17,35
2020-12-16,10,12,20,25,31,34
2020-12-12,27,28,29,36,46,48
2020-12-09,10,11,14,19,27,39
2020-12-05,3,10,13,21,27,45
2020-12-02,22,24,28,41,47,49
2020-11-28,3,4,16,23,26,44
2020-11-25,13,14,31,33,37,46
2020-11-21,16,19,21,34,37,47
2020-11-18,7,14,21,28,30,32
2020-11-14,1,2,13,30,35,38
2020-11-11,6,14,18,23,31,47
2020-11-07,1,16,19,24,26,47
2020-11-04,2,9,13,18,40,46
2020-10-31,5,8,18,22,41,48
2020-10-28,2,3,16,25,34,46
2020-10-24,4,9,17,20,26,31
2020-10-21,26,28,32,37,40,47
2020-10-17,7,8,9,24,25,34
2020-10-14,10,18,20,38,39,44
2020-10-10,6,23,24,29,36,38
2020-10-07,4,5,12,13,18,19
2020-10-03,12,22,24,37,39,43
2020-09-30,13,16,20,21,27,48
2020-09-26,8,27,29,33,40,49
2020-09-23,11,17,28,29,36,39
2020-09-19,5,15,31,35,42,46
2020-09-16,6,12,23,29,44,46
2020-09-12,5,13,19,37,42,45
2020-09-09,3,5,9,19,29,37
2020-09-05,1,8,10,33,34,38
2020-09-02,1,5,15,23,25,31
2020-08-29,3,13,21,24,29,40
2020-08-26,6,8,20,23,35,39
2020-08-22,19,25,34,36,40,43
2020-08-19,2,17,32,37,39,42
2020-08-15,6,7,11,18,22,43
2020-08-12,16,24,27,43,48,49
2020-08-08,1,20,21,23,40,46
2020-08-05,3,14,23,30,38,43
2020-08-01,12,13,17,22,39,40
2020-07-29,1,11,17,19,22,45
2020-07-25,6,21,34,44,45,48
2020-07-22,5,14,19,42,46,47
2020-07-18,5,23,37,40,44,45
2020-07-15,5,7,17,22,43,44
2020-07-11,16,22,31,36,43,44
2020-07-08,11,26,28,35,37,47
2020-07-04,15,20,27,34,38,42
2020-07-01,1,12,27,30,34,49
2020-06-27,1,13,14,24,36,44
2020-06-24,6,16,23,39,47,48
2020-06-20,14,22,29,36,48,49
2020-06-17,5,10,18,29,32,48
2020-06-13,3,31,34,38,45,48
2020-06-10,3,13,25,33,34,45
2020-06-06,6,22,38,45,48,49
2020-06-03,2,15,20,22,29,39
2020-05-30,11,17,27,28,30,43
2020-05-27,7,17,18,22,28,34
2020-05-23,4,25,27,28,35,44
2020-05-20,8,23,25,34,37,47
2020-05-16,1,6,7,14,26,48
2020-05-13,3,10,21,35,38,48
2020-05-09,13,14,15,35,45,47
2020-05-06,6,29,34,36,45,49
2020-05-02,15,18,26,34,43,45
2020-04-29,6,17,21,30,40,41
2020-04-25,6,10,11,22,32,48
2020-04-22,9,10,11,14,15,28
2020-04-18,1,10,23,32,46,48
2020-04-15,1,3,7,13,22,47
2020-04-11,10,14,17,32,35,42
2020-04-08,9,13,21,23,30,32
2020-04-04,19,29,34,35,44,45
2020-04-01,4,6,10,13,25,49
2020-03-28,2,7,21,30,33,46
2020-03-25,3,19,31,38,45,47
2020-03-21,6,11,22,36,37,45
2020-03-18,7,8,9,12,14,36
2020-03-14,1,2,23,27,31,32
2020-03-11,5,24,32,37,43,44
2020-03-07,5,8,13,27,34,46
2020-03-04,6,8,15,24,38,41
2020-02-29,6,12,15,18,31,46
2020-02-26,8,25,34,35,36,38
2020-02-22,2,7,26,33,46,48
2020-02-19,5,6,13,23,44,49
2020-02-15,7,8,11,23,27,30
2020-02-12,16,20,24,33,36,47
2020-02-08,8,28,30,39,41,43
2020-02-05,1,3,6,24,29,45
2020-02-01,13,21,35,40,45,48
2020-01-29,3,14,16,23,41,43
2020-01-25,8,20,21,30,32,48
2020-01-22,2,10,27,30,39,43
2020-01-18,2,5,10,18,26,30
2020-01-15,1,17,23,25,26,34
2020-01-11,2,3,7,18,24,26
2020-01-08,2,5,19,44,48,49
2020-01-04,23,24,36,42,45,46
2020-01-01,11,23,30,35,39,43
2019-12-28,2,4,12,18,29,41
2019-12-25,17,24,28,33,36,45
2019-12-21,16,18,19,45,47,48
2019-12-18,18,22,25,36,38,44
2019-12-14,9,12,17,23,41,44
2019-12-11,7,17,21,34,47,48
2019-12-07,18,32,36,37,38,45
2019-12-04,2,3,4,10,21,43
2019-11-30,1,8,18,24,30,45
2019-11-27,13,15,16,20,39,42
2019-11-23,16,19,24,29,31,36
2019-11-20,4,20,29,30,36,45
2019-11-16,2,3,4,11,27,47
2019-11-13,1,19,31,44,46,49
2019-11-09,12,31,36,37,46,49
2019-11-06,6,8,13,14,35,40
2019-11-02,8,16,19,20,39,43
2019-10-30,23,30,33,34,41,45
2019-10-26,4,12,15,26,43,44
2019-10-23,11,13,24,28,40,46
2019-10-19,2,16,28,47,48,49
2019-10-16,2,4,9,24,44,45
2019-10-12,13,16,25,32,33,41
2019-10-09,5,14,18,33,40,44
2019-10-05,14,15,35,38,42,46
2019-10-02,20,28,29,41,45,46
2019-09-28,1,4,5,7,21,40
2019-09-25,16,25,28,29,39,47
2019-09-21,1,2,4,32,38,39
2019-09-18,3,10,15,23,45,47
2019-09-14,6,13,28,29,35,43
2019-09-11,2,4,27,36,45,49
2019-09-07,25,28,37,38,42,48
2019-09-04,1,4,5,17,21,29
2019-08-31,2,21,22,24,48,49
2019-08-28,1,10,18,39,43,47
2019-08-24,3,7,8,14,20,24
2019-08-21,2,17,24,25,40,43
2019-08-17,4,31,34,39,41,48
2019-08-14,9,14,18,31,32,41
2019-08-10,2,3,20,33,48,49
2019-08-07,5,8,9,19,28,31
2019-08-03,4,14,17,22,26,46
2019-07-31,2,11,19,35,39,48
2019-07-27,1,3,5,34,38,43
2019-07-24,2,8,10,18,37,48
2019-07-20,4,21,30,41,44,46
2019-07-17,21,24,33,36,41,42
2019-07-13,5,11,12,33,37,45
2019-07-10,7,15,22,28,43,49
2019-07-06,10,28,38,39,40,43
2019-07-03,13,21,26,30,38,39
2019-06-29,2,5,19,21,29,46
2019-06-26,4,10,17,24,26,33
2019-06-22,15,16,34,35,38,44
2019-06-19,21,31,41,45,46,47
2019-06-15,10,19,24,30,35,49
2019-06-12,22,23,31,38,47,48
2019-06-08,9,12,15,20,24,43
2019-06-05,6,21,35,46,48,49
2019-06-01,16,29,34,35,47,49
2019-05-25,12,19,22,25,45,49
2019-05-22,13,19,22,25,32,35
2019-05-18,7,8,13,27,28,34
2019-05-15,5,6,32,40,42,47
2019-05-11,3,12,26,27,34,46
2019-05-08,18,19,22,30,41,48
2019-05-04,3,4,12,21,41,49
2019-05-01,23,27,28,34,38,43
2019-04-27,5,6,11,16,19,27
2019-04-24,6,10,16,17,41,43
2019-04-20,11,15,32,34,44,47
2019-04-17,10,11,20,26,38,43
2019-04-13,4,5,15,23,38,45
2019-04-10,10,16,23,38,39,48
2019-04-06,6,19,30,37,38,49
2019-04-03,12,17,29,35,40,47
2019-03-30,7,14,18,26,31,32
2019-03-27,16,19,22,28,34,48